CNT,SECONDS,PID,COMMAND,%CPU
1,45:56.944067,1865,sysbench,73.0
2,45:56.994278,1865,sysbench,98.9
3,45:57.044467,1865,sysbench,99.5
4,45:57.094689,1865,sysbench,99.5
5,45:57.144886,1865,sysbench,99.6
6,45:57.195103,1865,sysbench,99.6
7,45:57.245394,1865,sysbench,99.6
8,45:57.295618,1865,sysbench,99.5
9,45:57.345887,1865,sysbench,99.5
10,45:57.396145,1865,sysbench,99.5
11,45:57.446434,1865,sysbench,99.5
12,45:57.496637,1865,sysbench,99.5
13,45:57.546846,1865,sysbench,99.5
14,45:57.597055,1865,sysbench,99.6
15,45:57.647279,1865,sysbench,99.6
16,45:57.697501,1865,sysbench,99.6
17,45:57.747714,1865,sysbench,99.6
18,45:57.798077,1865,sysbench,99.6
19,45:57.848834,1865,sysbench,59.7
20,45:57.899172,1865,sysbench,59.1
21,45:57.949465,1865,sysbench,59.6
22,45:57.999793,1865,sysbench,99.2
23,45:58.050027,1865,sysbench,59.7
24,45:58.100375,1865,sysbench,99.4
25,45:58.150604,1865,sysbench,99.4
26,45:58.200933,1865,sysbench,99.4
27,45:58.251248,1865,sysbench,99.4
28,45:58.301567,1865,sysbench,99.3
29,45:58.351886,1865,sysbench,99.4
30,45:58.402249,1865,sysbench,99.4
31,45:58.452621,1865,sysbench,99.4
32,45:58.502952,1865,sysbench,99.2
33,45:58.553283,1865,sysbench,99.3
34,45:58.603601,1865,sysbench,99.3
35,45:58.653954,1865,sysbench,99.4
36,45:58.704300,1865,sysbench,99.3
37,45:58.754612,1865,sysbench,99.3
38,45:58.804927,1865,sysbench,99.4
39,45:58.855237,1865,sysbench,99.4
40,45:58.905575,1865,sysbench,99.5
41,45:58.955924,1865,sysbench,99.3
42,45:59.006277,1865,sysbench,99.4
43,45:59.056604,1865,sysbench,99.3
44,45:59.106903,1865,sysbench,99.3
45,45:59.157256,1865,sysbench,99.4
46,45:59.207552,1865,sysbench,99.3
47,45:59.257938,1865,sysbench,99.4
48,45:59.308253,1865,sysbench,99.3
49,45:59.358573,1865,sysbench,99.3
50,45:59.408899,1865,sysbench,99.3
51,45:59.459205,1865,sysbench,99.4
52,45:59.509499,1865,sysbench,99.4
53,45:59.559802,1865,sysbench,99.4
54,45:59.610145,1865,sysbench,99.4
55,45:59.660500,1865,sysbench,99.3
56,45:59.710829,1865,sysbench,99.4
57,45:59.761153,1865,sysbench,99.3
58,45:59.811518,1865,sysbench,99.3
59,45:59.861881,1865,sysbench,99.3
60,45:59.912190,1865,sysbench,99.3
61,45:59.962603,1865,sysbench,99.4
62,46:00.012911,1865,sysbench,99.4
63,46:00.064277,1865,sysbench,99.2
64,46:00.114649,1865,sysbench,97.4
65,46:00.165076,1865,sysbench,39.8
66,46:00.215514,1865,sysbench,39.7
67,46:00.265832,1865,sysbench,59.5
68,46:00.316099,1865,sysbench,99.1
69,46:00.366363,1865,sysbench,99.5
70,46:00.416631,1865,sysbench,99.5
71,46:00.466915,1865,sysbench,99.5
72,46:00.517184,1865,sysbench,99.5
73,46:00.567446,1865,sysbench,99.4
74,46:00.617712,1865,sysbench,99.5
75,46:00.667981,1865,sysbench,99.5
76,46:00.718247,1865,sysbench,99.5
77,46:00.768510,1865,sysbench,99.5
78,46:00.818792,1865,sysbench,99.5
79,46:00.869057,1865,sysbench,99.5
80,46:00.919321,1865,sysbench,99.5
81,46:00.969584,1865,sysbench,99.5
82,46:01.019846,1865,sysbench,99.5
83,46:01.070112,1865,sysbench,99.5
84,46:01.120372,1865,sysbench,99.5
85,46:01.170631,1865,sysbench,99.5
86,46:01.220890,1865,sysbench,99.5
87,46:01.271168,1865,sysbench,99.5
88,46:01.321428,1865,sysbench,99.5
89,46:01.371687,1865,sysbench,99.5
90,46:01.422109,1865,sysbench,99.5
91,46:01.472497,1865,sysbench,99.4
92,46:01.522851,1865,sysbench,99.1
93,46:01.573175,1865,sysbench,99.3
94,46:01.623688,1865,sysbench,99.3
95,46:01.674074,1865,sysbench,99.4
96,46:01.724437,1865,sysbench,98.9
97,46:01.774745,1865,sysbench,99.3
98,46:01.825069,1865,sysbench,99.3
99,46:01.875370,1865,sysbench,99.4
100,46:01.925769,1865,sysbench,99.4
101,46:01.976159,1865,sysbench,99.2
102,46:02.026547,1865,sysbench,99.3
103,46:02.076863,1865,sysbench,99.2
104,46:02.127245,1865,sysbench,99.3
105,46:02.177590,1865,sysbench,99.3
106,46:02.227921,1865,sysbench,99.3
107,46:02.278232,1865,sysbench,99.3
108,46:02.328557,1865,sysbench,99.4
109,46:02.378863,1865,sysbench,99.3
110,46:02.429208,1865,sysbench,99.4
111,46:02.479538,1865,sysbench,99.3
112,46:02.529863,1865,sysbench,99.3
113,46:02.580181,1865,sysbench,99.3
114,46:02.630505,1865,sysbench,99.4
115,46:02.680875,1865,sysbench,99.4
116,46:02.731214,1865,sysbench,99.3
117,46:02.781549,1865,sysbench,99.4
118,46:02.831890,1865,sysbench,99.3
119,46:02.882285,1865,sysbench,99.4
120,46:02.932742,1865,sysbench,99.3
121,46:02.983099,1865,sysbench,59.5
122,46:03.033463,1865,sysbench,99.1
123,46:03.083784,1865,sysbench,99.3
124,46:03.134178,1865,sysbench,99.4
125,46:03.184630,1865,sysbench,79.5
126,46:03.235054,1865,sysbench,99.1
127,46:03.285409,1865,sysbench,79.3
128,46:03.335743,1865,sysbench,99.2
129,46:03.386112,1865,sysbench,99.3
130,46:03.436420,1865,sysbench,99.3
131,46:03.486814,1865,sysbench,99.4
132,46:03.537144,1865,sysbench,99.3
133,46:03.587458,1865,sysbench,99.3
134,46:03.637830,1865,sysbench,99.4
135,46:03.688178,1865,sysbench,99.3
136,46:03.738510,1865,sysbench,99.3
137,46:03.788849,1865,sysbench,99.3
138,46:03.839189,1865,sysbench,99.3
139,46:03.889518,1865,sysbench,99.3
140,46:03.939813,1865,sysbench,99.3
141,46:03.990142,1865,sysbench,99.4
142,46:04.040452,1865,sysbench,99.4
143,46:04.090759,1865,sysbench,99.4
144,46:04.141087,1865,sysbench,99.4
145,46:04.191392,1865,sysbench,99.3
146,46:04.241693,1865,sysbench,99.4
147,46:04.291995,1865,sysbench,99.4
148,46:04.342308,1865,sysbench,99.4
149,46:04.392603,1865,sysbench,99.4
150,46:04.442908,1865,sysbench,99.4
151,46:04.493243,1865,sysbench,99.4
152,46:04.543549,1865,sysbench,99.3
153,46:04.593909,1865,sysbench,99.4
154,46:04.644243,1865,sysbench,99.3
155,46:04.694565,1865,sysbench,99.4
156,46:04.744895,1865,sysbench,99.3
157,46:04.795214,1865,sysbench,99.3
158,46:04.845546,1865,sysbench,99.3
159,46:04.895865,1865,sysbench,99.4
160,46:04.946164,1865,sysbench,99.4
161,46:04.996545,1865,sysbench,99.4
162,46:05.046901,1865,sysbench,99.4
163,46:05.097232,1865,sysbench,99.2
164,46:05.147556,1865,sysbench,99.3
165,46:05.197862,1865,sysbench,99.4
166,46:05.248158,1865,sysbench,99.3
167,46:05.298462,1865,sysbench,99.4
168,46:05.348761,1865,sysbench,99.4
169,46:05.399103,1865,sysbench,99.4
170,46:05.449429,1865,sysbench,99.4
171,46:05.499731,1865,sysbench,99.3
172,46:05.550090,1865,sysbench,99.4
173,46:05.600433,1865,sysbench,99.3
174,46:05.650770,1865,sysbench,99.3
175,46:05.701087,1865,sysbench,99.4
176,46:05.751446,1865,sysbench,99.4
177,46:05.801908,1865,sysbench,79.5
178,46:05.852270,1865,sysbench,79.3
179,46:05.902580,1865,sysbench,99.1
180,46:05.952907,1865,sysbench,99.4
181,46:06.003205,1865,sysbench,99.3
182,46:06.053508,1865,sysbench,99.4
183,46:06.103842,1865,sysbench,99.4
184,46:06.154152,1865,sysbench,99.4
185,46:06.204495,1865,sysbench,99.4
186,46:06.254814,1865,sysbench,99.3
187,46:06.305257,1865,sysbench,99.3
188,46:06.355605,1865,sysbench,99.4
189,46:06.405962,1865,sysbench,99.1
190,46:06.456316,1865,sysbench,99.3
191,46:06.506737,1865,sysbench,99.3
192,46:06.557109,1865,sysbench,99.3
193,46:06.607431,1865,sysbench,79.3
194,46:06.657748,1865,sysbench,99.9
195,46:06.708058,1865,sysbench,79.5
196,46:06.758369,1865,sysbench,99.9
197,46:06.808814,1865,sysbench,79.5
198,46:6.858814,1865,sysbench,0.0
199,46:6.908814,1865,sysbench,0.0
200,46:6.958814,1865,sysbench,0.0
201,46:7.008814,1865,sysbench,0.0
202,46:07.094770,1865,sysbench,99.9
203,46:07.145667,1865,sysbench,96.2
204,46:07.195946,1865,sysbench,89.0
205,46:07.246213,1865,sysbench,99.4
206,46:07.296488,1865,sysbench,99.5
207,46:07.346755,1865,sysbench,99.5
208,46:07.397018,1865,sysbench,99.4
209,46:07.447281,1865,sysbench,99.5
210,46:07.497544,1865,sysbench,99.5
211,46:07.547811,1865,sysbench,99.5
212,46:07.598079,1865,sysbench,99.5
213,46:07.648343,1865,sysbench,99.5
214,46:07.698604,1865,sysbench,99.5
215,46:07.748866,1865,sysbench,99.5
216,46:07.799141,1865,sysbench,99.5
217,46:07.849403,1865,sysbench,99.5
218,46:07.899672,1865,sysbench,99.5
219,46:07.949937,1865,sysbench,99.5
220,46:08.000201,1865,sysbench,99.5
221,46:08.050508,1865,sysbench,99.5
222,46:08.100776,1865,sysbench,99.5
223,46:08.151053,1865,sysbench,99.4
224,46:08.201317,1865,sysbench,99.5
225,46:08.251579,1865,sysbench,99.4
226,46:08.301848,1865,sysbench,99.5
227,46:08.352108,1865,sysbench,99.5
228,46:08.402364,1865,sysbench,99.5
229,46:08.452609,1865,sysbench,99.5
230,46:08.502848,1865,sysbench,99.5
231,46:08.553102,1865,sysbench,99.5
232,46:08.603363,1865,sysbench,99.5
233,46:08.653785,1865,sysbench,99.5
234,46:08.704111,1865,sysbench,59.6
235,46:08.754356,1865,sysbench,79.3
236,46:08.804599,1865,sysbench,99.5
237,46:08.854843,1865,sysbench,99.5
238,46:08.905083,1865,sysbench,99.5
239,46:08.955321,1865,sysbench,99.5
240,46:09.005561,1865,sysbench,99.5
241,46:09.055802,1865,sysbench,99.5
242,46:09.106043,1865,sysbench,99.5
243,46:09.156284,1865,sysbench,99.5
244,46:09.206525,1865,sysbench,99.5
245,46:09.256763,1865,sysbench,99.5
246,46:09.307053,1865,sysbench,99.5
247,46:09.357297,1865,sysbench,99.5
248,46:09.407536,1865,sysbench,99.5
249,46:09.457803,1865,sysbench,99.5
250,46:09.508044,1865,sysbench,99.5
251,46:09.558285,1865,sysbench,99.5
252,46:09.608523,1865,sysbench,99.5
253,46:09.658780,1865,sysbench,99.5
254,46:09.709019,1865,sysbench,99.5
255,46:09.759266,1865,sysbench,99.5
256,46:09.809506,1865,sysbench,99.5
257,46:09.859743,1865,sysbench,99.5
258,46:09.909983,1865,sysbench,99.5
259,46:09.960226,1865,sysbench,99.5
260,46:10.010498,1865,sysbench,99.5
261,46:10.060766,1865,sysbench,99.5
262,46:10.111042,1865,sysbench,99.5
263,46:10.161307,1865,sysbench,99.4
264,46:10.211547,1865,sysbench,99.9
265,46:10.261828,1865,sysbench,79.6
266,46:10.312072,1865,sysbench,99.9
267,46:10.362335,1865,sysbench,79.6
268,46:10.412572,1865,sysbench,99.9
269,46:10.462808,1865,sysbench,79.6
270,46:10.513043,1865,sysbench,99.9
271,46:10.563282,1865,sysbench,79.6
272,46:10.613531,1865,sysbench,99.9
273,46:10.663775,1865,sysbench,79.6
274,46:10.714046,1865,sysbench,99.9
275,46:10.764286,1865,sysbench,79.6
276,46:10.814524,1865,sysbench,99.9
277,46:10.864762,1865,sysbench,79.6
278,46:10.915026,1865,sysbench,99.9
279,46:10.965278,1865,sysbench,79.6
280,46:11.015556,1865,sysbench,99.9
281,46:11.065813,1865,sysbench,79.6
282,46:11.116061,1865,sysbench,99.5
283,46:11.166316,1865,sysbench,99.5
284,46:11.216556,1865,sysbench,99.5
285,46:11.266795,1865,sysbench,99.5
286,46:11.317032,1865,sysbench,99.5
287,46:11.367268,1865,sysbench,99.5
288,46:11.417505,1865,sysbench,99.5
289,46:11.467745,1865,sysbench,99.5
290,46:11.518050,1865,sysbench,99.9
291,46:11.568297,1865,sysbench,79.6
292,46:11.618549,1865,sysbench,99.5
293,46:11.668793,1865,sysbench,99.5
294,46:11.719065,1865,sysbench,99.5
295,46:11.769424,1865,sysbench,99.5
296,46:11.819717,1865,sysbench,59.7
297,46:11.869990,1865,sysbench,99.2
298,46:11.920232,1865,sysbench,99.5
299,46:11.970471,1865,sysbench,99.5
300,46:12.020708,1865,sysbench,99.9
301,46:12.070946,1865,sysbench,79.6
302,46:12.121186,1865,sysbench,99.9
303,46:12.171425,1865,sysbench,79.6
304,46:12.221676,1865,sysbench,99.9
305,46:12.271915,1865,sysbench,79.6
306,46:12.322159,1865,sysbench,99.9
307,46:12.372399,1865,sysbench,79.6
308,46:12.422637,1865,sysbench,99.9
309,46:12.472875,1865,sysbench,79.6
310,46:12.523129,1865,sysbench,99.9
311,46:12.573369,1865,sysbench,79.6
312,46:12.623610,1865,sysbench,99.9
313,46:12.673848,1865,sysbench,79.6
314,46:12.724093,1865,sysbench,99.9
315,46:12.774334,1865,sysbench,79.6
316,46:12.824572,1865,sysbench,99.9
317,46:12.874809,1865,sysbench,79.6
318,46:12.925046,1865,sysbench,99.9
319,46:12.975289,1865,sysbench,79.6
320,46:13.025531,1865,sysbench,99.9
321,46:13.075772,1865,sysbench,79.6
322,46:13.126032,1865,sysbench,99.9
323,46:13.176273,1865,sysbench,79.6
324,46:13.226513,1865,sysbench,99.9
325,46:13.276752,1865,sysbench,79.6
326,46:13.326989,1865,sysbench,99.9
327,46:13.377242,1865,sysbench,79.6
328,46:13.427480,1865,sysbench,99.9
329,46:13.477724,1865,sysbench,79.6
330,46:13.527963,1865,sysbench,99.9
331,46:13.578203,1865,sysbench,79.6
332,46:13.628458,1865,sysbench,99.9
333,46:13.678722,1865,sysbench,79.6
334,46:13.729009,1865,sysbench,99.5
335,46:13.779263,1865,sysbench,99.4
336,46:13.829531,1865,sysbench,99.5
337,46:13.879786,1865,sysbench,99.5
338,46:13.930057,1865,sysbench,99.5
339,46:13.980333,1865,sysbench,99.5
340,46:14.030635,1865,sysbench,99.5
341,46:14.080902,1865,sysbench,99.4
342,46:14.131186,1865,sysbench,99.4
343,46:14.181450,1865,sysbench,99.4
344,46:14.231691,1865,sysbench,99.5
345,46:14.281936,1865,sysbench,99.5
346,46:14.332191,1865,sysbench,99.5
347,46:14.382475,1865,sysbench,99.5
348,46:14.432715,1865,sysbench,99.4
349,46:14.482970,1865,sysbench,99.5
350,46:14.533227,1865,sysbench,99.5
351,46:14.584222,1865,sysbench,99.5
352,46:14.634591,1865,sysbench,98.1
353,46:14.684883,1865,sysbench,59.7
354,46:14.735151,1865,sysbench,99.2
355,46:14.785393,1865,sysbench,99.5
356,46:14.835632,1865,sysbench,99.5
357,46:14.885902,1865,sysbench,99.5
358,46:14.936140,1865,sysbench,99.5
359,46:14.986381,1865,sysbench,99.5
360,46:15.036620,1865,sysbench,99.5
361,46:15.086866,1865,sysbench,99.5
362,46:15.137112,1865,sysbench,99.5
363,46:15.187355,1865,sysbench,99.5
364,46:15.237618,1865,sysbench,99.5
365,46:15.287862,1865,sysbench,99.5
366,46:15.338113,1865,sysbench,99.5
367,46:15.388357,1865,sysbench,99.5
368,46:15.438610,1865,sysbench,99.5
369,46:15.488848,1865,sysbench,99.5
370,46:15.539111,1865,sysbench,99.5
371,46:15.589354,1865,sysbench,99.5
372,46:15.639598,1865,sysbench,99.5
373,46:15.689838,1865,sysbench,99.5
374,46:15.740075,1865,sysbench,99.5
375,46:15.790314,1865,sysbench,99.5
376,46:15.840551,1865,sysbench,99.5
377,46:15.890791,1865,sysbench,99.5
378,46:15.941051,1865,sysbench,99.5
379,46:15.991296,1865,sysbench,99.5
380,46:16.041548,1865,sysbench,99.5
381,46:16.091798,1865,sysbench,99.5
382,46:16.142050,1865,sysbench,99.5
383,46:16.192289,1865,sysbench,99.5
384,46:16.242541,1865,sysbench,99.5
385,46:16.292780,1865,sysbench,99.5
386,46:16.343043,1865,sysbench,99.5
387,46:16.393283,1865,sysbench,99.5
388,46:16.443523,1865,sysbench,99.5
389,46:16.493762,1865,sysbench,99.5
390,46:16.543999,1865,sysbench,99.5
391,46:16.594250,1865,sysbench,99.5
392,46:16.644488,1865,sysbench,99.5
393,46:16.694726,1865,sysbench,99.5
394,46:16.744964,1865,sysbench,99.5
395,46:16.795209,1865,sysbench,99.5
396,46:16.845451,1865,sysbench,99.5
397,46:16.895691,1865,sysbench,99.5
398,46:16.945923,1865,sysbench,99.5
399,46:16.996163,1865,sysbench,99.6
400,46:17.046433,1865,sysbench,99.5
401,46:17.096680,1865,sysbench,99.5
402,46:17.147018,1865,sysbench,99.5
403,46:17.197373,1865,sysbench,59.7
404,46:17.247760,1865,sysbench,39.7
405,46:17.298042,1865,sysbench,79.4
406,46:17.348290,1865,sysbench,99.3
407,46:17.398535,1865,sysbench,99.5
408,46:17.448803,1865,sysbench,99.5
409,46:17.499178,1865,sysbench,99.5
410,46:17.549486,1865,sysbench,59.7
411,46:17.599773,1865,sysbench,99.2
412,46:17.650030,1865,sysbench,99.4
413,46:17.700295,1865,sysbench,99.4
414,46:17.750548,1865,sysbench,99.5
415,46:17.800809,1865,sysbench,99.5
416,46:17.851074,1865,sysbench,99.5
417,46:17.901335,1865,sysbench,99.5
418,46:17.951574,1865,sysbench,99.5
419,46:18.001813,1865,sysbench,99.5
420,46:18.052056,1865,sysbench,99.5
421,46:18.102323,1865,sysbench,99.5
422,46:18.152582,1865,sysbench,99.5
423,46:18.202873,1865,sysbench,79.6
424,46:18.253199,1865,sysbench,59.7
425,46:18.303509,1865,sysbench,39.8
426,46:18.353892,1865,sysbench,39.7
427,46:18.404303,1865,sysbench,59.6
428,46:18.454694,1865,sysbench,59.5
429,46:18.505080,1865,sysbench,39.7
430,46:18.555464,1865,sysbench,39.7
431,46:18.605847,1865,sysbench,59.5
432,46:18.656232,1865,sysbench,39.7
433,46:18.706617,1865,sysbench,59.5
434,46:18.757006,1865,sysbench,39.7
435,46:18.807395,1865,sysbench,59.5
436,46:18.857787,1865,sysbench,59.5
437,46:18.908196,1865,sysbench,39.7
438,46:18.958614,1865,sysbench,39.7
439,46:19.009017,1865,sysbench,59.5
440,46:19.059412,1865,sysbench,59.5
441,46:19.109869,1865,sysbench,39.7
442,46:19.160264,1865,sysbench,59.5
443,46:19.210652,1865,sysbench,39.6
444,46:19.261050,1865,sysbench,59.6
445,46:19.311445,1865,sysbench,39.7
446,46:19.361866,1865,sysbench,59.5
447,46:19.412274,1865,sysbench,39.7
448,46:19.462676,1865,sysbench,59.5
449,46:19.513057,1865,sysbench,39.7
450,46:19.563442,1865,sysbench,59.5
451,46:19.613824,1865,sysbench,39.7
452,46:19.664211,1865,sysbench,59.5
453,46:19.714592,1865,sysbench,39.7
454,46:19.764989,1865,sysbench,59.5
455,46:19.815376,1865,sysbench,39.7
456,46:19.865773,1865,sysbench,59.5
457,46:19.916074,1865,sysbench,39.7
458,46:19.966395,1865,sysbench,59.5
459,46:20.016706,1865,sysbench,39.8
460,46:20.066999,1865,sysbench,59.6
461,46:20.117313,1865,sysbench,39.8
462,46:20.167679,1865,sysbench,59.6
463,46:20.218000,1865,sysbench,79.6
464,46:20.268321,1865,sysbench,59.5
465,46:20.318657,1865,sysbench,59.7
466,46:20.369045,1865,sysbench,59.6
467,46:20.419426,1865,sysbench,39.7
468,46:20.469801,1865,sysbench,39.7
469,46:20.520124,1865,sysbench,79.4
470,46:20.570405,1865,sysbench,59.6
471,46:20.620659,1865,sysbench,39.8
472,46:20.670915,1865,sysbench,39.8
473,46:20.721170,1865,sysbench,59.7
474,46:20.771425,1865,sysbench,59.7
475,46:20.821671,1865,sysbench,79.6
476,46:20.871912,1865,sysbench,99.5
477,46:20.922170,1865,sysbench,99.5
478,46:20.972413,1865,sysbench,99.5
479,46:21.022654,1865,sysbench,99.5
480,46:21.072893,1865,sysbench,99.5
481,46:21.123147,1865,sysbench,99.5
482,46:21.173388,1865,sysbench,99.5
483,46:21.223627,1865,sysbench,99.5
484,46:21.273865,1865,sysbench,99.5
485,46:21.324104,1865,sysbench,99.5
486,46:21.374344,1865,sysbench,99.5
487,46:21.424581,1865,sysbench,99.5
488,46:21.474841,1865,sysbench,99.5
489,46:21.525082,1865,sysbench,99.5
490,46:21.575321,1865,sysbench,99.5
491,46:21.625565,1865,sysbench,99.5
492,46:21.675802,1865,sysbench,99.5
493,46:21.726040,1865,sysbench,99.5
494,46:21.776275,1865,sysbench,99.5
495,46:21.826512,1865,sysbench,99.5
496,46:21.876748,1865,sysbench,99.5
497,46:21.926988,1865,sysbench,99.5
498,46:21.977246,1865,sysbench,99.5
499,46:22.027560,1865,sysbench,99.5
500,46:22.077867,1865,sysbench,79.6
501,46:22.128152,1865,sysbench,99.3
502,46:22.178460,1865,sysbench,59.7
503,46:22.229827,1865,sysbench,79.5
504,46:22.229971,1865,sysbench,58.4
